住所,ido,keido
東京都文京区本郷7-3-1,35.714163,139.762102
asdfasdasfasdfa,,
東京都文京区本郷7-3-3,35.711515,139.76393
アイウエオかきくけこ,35.563951,139.715984
東京都文京区本郷7-3-5,35.711515,139.76393
